"filename", "language", "TypeScript", "comment", "blank", "total"
"c:\Users\w9063\Documents\discord-dreamer\memoria-bot\src\app.ts", "TypeScript", 5, 0, 3, 8
"c:\Users\w9063\Documents\discord-dreamer\memoria-bot\src\app\commands\admin.ts", "TypeScript", 395, 0, 48, 443
"c:\Users\w9063\Documents\discord-dreamer\memoria-bot\src\app\commands\birthday.ts", "TypeScript", 251, 0, 9, 260
"c:\Users\w9063\Documents\discord-dreamer\memoria-bot\src\app\commands\boost.ts", "TypeScript", 263, 1, 17, 281
"c:\Users\w9063\Documents\discord-dreamer\memoria-bot\src\app\commands\partner.ts", "TypeScript", 140, 1, 12, 153
"c:\Users\w9063\Documents\discord-dreamer\memoria-bot\src\app\commands\pokedex.ts", "TypeScript", 155, 0, 35, 190
"c:\Users\w9063\Documents\discord-dreamer\memoria-bot\src\app\commands\send.ts", "TypeScript", 56, 0, 10, 66
"c:\Users\w9063\Documents\discord-dreamer\memoria-bot\src\app\commands\submit.ts", "TypeScript", 252, 6, 24, 282
"c:\Users\w9063\Documents\discord-dreamer\memoria-bot\src\app\commands\user.ts", "TypeScript", 491, 0, 45, 536
"c:\Users\w9063\Documents\discord-dreamer\memoria-bot\src\app\events\clientReady\log.ts", "TypeScript", 12, 0, 4, 16
"c:\Users\w9063\Documents\discord-dreamer\memoria-bot\src\app\events\guildMemberAdd\guildMemberAdd.ts", "TypeScript", 6, 1, 5, 12
"c:\Users\w9063\Documents\discord-dreamer\memoria-bot\src\app\events\guildMemberRemove\guildMemberRemove.ts", "TypeScript", 11, 0, 2, 13
"c:\Users\w9063\Documents\discord-dreamer\memoria-bot\src\app\events\guildMemberUpdate\guildMemberUpdate.ts", "TypeScript", 15, 2, 4, 21
"c:\Users\w9063\Documents\discord-dreamer\memoria-bot\src\app\events\interactionCreate\starterEvolve.ts", "TypeScript", 11, 0, 6, 17
"c:\Users\w9063\Documents\discord-dreamer\memoria-bot\src\app\events\interactionCreate\starterFeed.ts", "TypeScript", 27, 1, 9, 37
"c:\Users\w9063\Documents\discord-dreamer\memoria-bot\src\app\events\interactionCreate\starterQuiz.ts", "TypeScript", 39, 2, 10, 51
"c:\Users\w9063\Documents\discord-dreamer\memoria-bot\src\app\events\interactionCreate\starterSelect.ts", "TypeScript", 59, 4, 7, 70
"c:\Users\w9063\Documents\discord-dreamer\memoria-bot\src\app\events\interactionCreate\submitButtons.ts", "TypeScript", 159, 0, 15, 174
"c:\Users\w9063\Documents\discord-dreamer\memoria-bot\src\app\events\interactionCreate\submitModal.ts", "TypeScript", 120, 9, 20, 149
"c:\Users\w9063\Documents\discord-dreamer\memoria-bot\src\app\events\messageCreate\imageLock.ts", "TypeScript", 30, 3, 9, 42
"c:\Users\w9063\Documents\discord-dreamer\memoria-bot\src\app\events\messageCreate\level.ts", "TypeScript", 29, 2, 7, 38
"c:\Users\w9063\Documents\discord-dreamer\memoria-bot\src\app\events\messageCreate\locationEmbeds.ts", "TypeScript", 29, 0, 8, 37
"c:\Users\w9063\Documents\discord-dreamer\memoria-bot\src\app\events\messageCreate\serverAd.ts", "TypeScript", 45, 3, 8, 56
"c:\Users\w9063\Documents\discord-dreamer\memoria-bot\src\app\events\messageCreate\silentPins.ts", "TypeScript", 9, 0, 3, 12
"c:\Users\w9063\Documents\discord-dreamer\memoria-bot\src\app\events\messageCreate\verify.ts", "TypeScript", 22, 1, 9, 32
"c:\Users\w9063\Documents\discord-dreamer\memoria-bot\src\app\helpers\characterHelper.ts", "TypeScript", 1605, 20, 196, 1821
"c:\Users\w9063\Documents\discord-dreamer\memoria-bot\src\app\helpers\embedHelper.ts", "TypeScript", 1112, 16, 112, 1240
"c:\Users\w9063\Documents\discord-dreamer\memoria-bot\src\app\helpers\locationEmbedHelper.ts", "TypeScript", 39, 0, 9, 48
"c:\Users\w9063\Documents\discord-dreamer\memoria-bot\src\app\helpers\partnerHelper.ts", "TypeScript", 585, 0, 71, 656
"c:\Users\w9063\Documents\discord-dreamer\memoria-bot\src\app\helpers\pokeHelper.ts", "TypeScript", 487, 21, 77, 585
"c:\Users\w9063\Documents\discord-dreamer\memoria-bot\src\app\helpers\starterQuizHelper.ts", "TypeScript", 611, 3, 21, 635
"c:\Users\w9063\Documents\discord-dreamer\memoria-bot\src\app\helpers\submitHelper.ts", "TypeScript", 301, 8, 53, 362
"c:\Users\w9063\Documents\discord-dreamer\memoria-bot\src\resetCommands.ts", "TypeScript", 27, 2, 11, 40
"c:\Users\w9063\Documents\discord-dreamer\memoria-bot\src\scheduler.ts", "TypeScript", 35, 5, 7, 47
"Total", "-", 7433, 111, 886, 8430